{
    "BBCA": {
        "r2": 0.9737158140217447,
        "mae": 0.01963860548196595,
        "mape": Infinity,
        "rmse": 0.027219520693640573
    },
    "BBRI": {
        "r2": 0.9636287112930726,
        "mae": 0.013576758155829701,
        "mape": 5.9198909266586925,
        "rmse": 0.017121380998226424
    },
    "BMRI": {
        "r2": 0.9568754280370545,
        "mae": 0.017871806038729027,
        "mape": 5.980965526472513,
        "rmse": 0.02266455584345064
    },
    "BBNI": {
        "r2": 0.9622389238801788,
        "mae": 0.014175921907579953,
        "mape": Infinity,
        "rmse": 0.02130042311498758
    },
    "BBTN": {
        "r2": 0.977338121571593,
        "mae": 0.021993475271272524,
        "mape": Infinity,
        "rmse": 0.031552959512878655
    }
}